id_paciente,nombre_full_paciente,sexo,fecha_nac,tel
82b200cc-f679-42b5-9925-09ba1088aec8,Den Hambidge,F,19-05-1965,637-394-8677
38f14146-a1ce-4c33-b36f-7cedf36204b3,Eddie Brittlebank,M,06-12-1977,631-215-0887
5697b0b0-4854-49cd-b97d-1bc218546931,Kristofer Farrell,F,05-01-1974,219-319-5815
21a93c86-5fde-464e-b8dc-58778a068c4c,Joachim Riba,M,27-03-1981,991-265-8084
ca636b52-45a8-49b1-a4c3-7eea7861f3a1,Sybilla Lampitt,F,26-06-1980,444-377-8892
aee00eb0-3252-47b8-b1ce-8f3ce441bff8,Alaster Meeland,M,04-07-1995,320-496-9913
3448c695-6c36-46b1-96c9-47c2b04980ec,Cordula Bohl,F,08-05-1979,318-501-9734
21649b3b-2210-451a-a958-a71c721997c5,Porty Diplock,F,04-10-1989,819-435-3306
edc92e6d-55d9-4846-975c-316b579c3b96,Dee dee Canedo,M,07-02-1991,549-183-0916
2a7bcbe6-f320-4d36-8eb3-458b0c538f38,Sawyere Bilyard,F,24-04-1987,444-229-9635
8f4f22a4-559c-4a51-9953-89c3c5f68d61,Thornie Tarzey,F,29-10-2002,246-857-2531
74b91f69-8326-4f89-b75d-06b2a515aae6,Sheree Kenton,M,24-03-2009,793-954-7607
337c8ad6-a233-4d68-9a38-330c3f5451a5,Indira Romanet,F,01-08-1976,975-619-9036
3b78d90f-4095-45af-89e6-af00ca595a70,Kerrin Jarmaine,M,08-12-2006,856-229-3271
c2e7102b-d95d-49aa-be79-5aa78350f209,Luisa Itzchaki,M,24-07-2012,989-263-4838
9913781b-d9f0-49e5-8476-075f0a8d0509,Tana Giorgioni,M,22-05-1997,853-544-4590
11624dea-5ba0-4394-8b02-8cd891c51b1a,Rolfe Croker,F,18-09-1965,268-499-8075
380d1f7c-27df-4ac4-8576-ff7bf5df1674,Byram Saladine,F,03-09-1979,533-627-7578
18060252-d057-4f27-9b78-4406796ce6cd,Adore Minnette,M,09-04-2013,293-222-8940
3b80ae3b-caa4-47f8-9677-fba2e914ae06,Patrizio Karczinski,F,12-07-2002,397-129-3444
9c0462bf-e5ef-4447-bbcc-f137d2db48e4,Lorinda Bartrap,F,27-05-1971,281-152-7994
55d43dcd-37a2-4694-8941-78acef3cf157,Perry Keattch,M,20-11-1974,801-834-2601
88453795-b950-4bb7-918b-ff4924beb58c,Tarrah Venditti,F,19-05-2017,681-764-9849
5579101e-ab60-4993-af2a-a8b5f8c4ea99,Shandie Petrovsky,F,02-05-2000,530-693-6349
bb7e3c5a-31f4-4e2f-8abb-bb8483f439a9,Bartolomeo Haggeth,M,02-04-2015,993-800-4805
b5012180-283f-4225-953f-6299d12edfc8,Ruby Buddell,M,21-09-2003,525-520-6030
4c30255f-fa59-4492-b357-cf937c280c12,Christoffer Gwillim,F,30-09-2015,569-423-7017
b2ce3126-8f3b-480e-b981-4eceb3706088,Fiona Wherrit,M,13-05-2002,969-575-2239
0528ac30-a5da-49a7-a258-c31fe28af6db,Tara Jakel,F,24-06-2014,233-584-2745
99d9fa89-ae0c-44fd-b4b4-dfb2fd42562d,Delia McLinden,F,31-03-1968,314-708-4564
3a16a783-74f4-4a76-b47e-91346f419773,Jeni Kinnerley,F,08-11-1993,702-283-3970
d63776ac-4611-4389-8601-e924ed1a4020,Silvano Rainton,M,03-09-1983,125-298-1579
3d324668-1fff-4c15-b9ca-2d3be08df156,Phelia Lundie,F,01-10-1990,544-852-2845
021b8676-119e-4464-908d-760dedcdad88,Eldredge Yurikov,M,08-04-1980,955-704-5429
b128cdc6-1eec-4421-bd0b-8161a38ae588,Gertrudis Frier,M,04-07-2016,684-826-0274
8f094680-ef47-48a0-a836-c1eff79ff3e4,Brandy Bengtson,F,10-01-1989,721-142-6333
ab46863e-6fde-42cb-9840-c867c448d947,Lonnie Creffeild,F,23-11-1981,213-564-6380
6b1fa3a9-28c1-4897-8f9f-3f7abada858c,Hertha Riden,M,25-04-2018,644-955-7695
d3ff98d1-1c83-40d8-973d-3d46a3cde59f,Rutherford Vogeler,F,02-04-2010,662-414-5070
c171ebb3-1886-40e1-aba7-9748dc591b3c,Deva Pulford,F,04-08-1972,842-483-6519
92a6f224-20c1-44af-a2ea-2a93b7ce534b,Nettie Juschka,F,01-10-2007,880-129-9876
59eee33a-3e5f-40e2-a42a-3019ed802fc6,Tobey Lawson,M,11-08-2009,418-287-1610
ab6eaf6a-6f19-43b4-92b0-d4866125fe9f,Ruy Leighfield,M,23-07-1993,492-324-4700
13cc2cc6-eae1-4520-9580-3bc511f5beab,Esra Carslaw,M,05-03-2017,649-746-6652
1a1fb6be-d644-4175-99a8-993ccad94676,Harold Hinckley,M,03-08-1997,529-308-5706
6029d09b-808d-480d-a40f-659f252b9181,Claresta Balog,F,19-07-1967,948-110-5375
a98bef2a-6fa0-4a07-aa42-ec2d3e8fe132,Rossy Gianettini,M,05-11-1987,936-810-2929
a8dca4fa-7f65-4a54-8b66-b895403c2e33,Clyde Honisch,F,05-04-1991,264-271-7918
d7b5d907-79f0-466b-a547-2aa862f6464b,Catherin Josefer,M,11-09-2007,396-934-8505
b46bcd64-8dce-4ee2-9cc4-2fa311b35800,Franny McKennan,F,28-03-1992,702-783-0762
12a44e11-74c3-4e7f-96f3-f640bc8f4992,Welch Stive,F,17-06-1992,793-260-1338
db92698e-65b6-4027-98be-edf5b91ac064,Eyde Wimmers,M,28-01-2007,805-468-7591
49d3e2ac-a434-4197-b789-b0df2cfa11cd,Farrell Dilawey,M,07-09-1976,303-858-3970
5902ff66-f0f8-42ec-b433-5fa15d4dbc46,Audy Okie,F,20-03-2007,459-553-1931
6bd7baa0-5cfa-4f70-87a8-903663f3b566,Tyler Lace,F,10-02-2005,825-349-0263
871b3187-de01-44ca-93b1-323ea21594c0,Lena Passler,F,29-04-1978,612-945-9446
a8e9f82b-55df-4561-97ce-2fa2e4a39e40,Elka Wickes,M,11-12-2018,546-246-2976
acf589e8-c629-46a0-997f-64fe2a177789,Chickie Abadam,F,06-10-1975,217-759-3175
7c25d4f4-35d8-4cf2-862f-24d84ecef37a,Aldridge Dockery,F,06-05-2014,450-950-4088
fb9e260d-4816-4ea1-a131-1d655bb98f0c,Donavon Kidner,M,10-07-2020,896-568-9239
075635ab-3d64-4a27-856c-a316491548cb,Jabez Roff,F,02-10-2005,236-643-2835
2629ce73-3006-4c18-9c14-d9f85b8ee560,Randie Lefort,F,06-12-1999,538-381-2698
548ba509-a028-43ef-b2f5-d73999c6b007,Leontine Paprotny,M,23-05-1967,212-551-4953
5874dbb7-43ff-445a-890c-7347f53c36e4,Vassili Welldrake,M,11-03-1989,835-755-2684
3efef438-dade-421b-8d10-5786fc98a861,Ariel Stigell,F,12-04-2006,364-716-8193
c1048c1f-f7ce-4b3c-8f99-adefad70fb27,Joanna Legrave,M,10-05-2003,255-995-3762
8eba9788-8e7b-4f56-96e2-5ba5dca47d25,Maurice Bretland,F,27-07-1975,196-797-7261
77c1d6fa-698d-4423-9da3-1b1e2f9d52dd,Lorin Winson,F,04-07-1978,636-930-1796
2e1fbd70-31e4-419d-a6ec-0bb85fbb70f9,Candy Fair,F,18-06-1997,568-242-2310
6c1ee727-cbaa-4e56-8f90-d8d2ecec8045,Nata Cawson,F,22-04-1993,238-895-7897
9e785e65-9f8a-4be8-b826-b51b5b5bfb44,Pierette Grunguer,M,20-05-1970,867-988-1506
e0fdd359-54d2-4d10-9493-32111e4043e3,Lari Jandl,M,20-07-2020,547-551-7669
73434a1d-3565-4b77-9fe2-f1176cdc386e,Ferd Oxenham,F,21-10-2011,781-853-4133
b63cc36e-e185-4e66-bfd0-af89ae1fdc11,Lauralee Brickham,F,11-02-1982,314-373-4229
296417ae-8840-4d6f-bbb3-1a6fe9cdaf60,Kennith Gurley,F,01-05-2011,566-210-8335
c727ec92-5bf1-48c2-84c7-40582160ab4a,L;urette Alvarado,F,30-03-2004,384-535-8107
59c854f4-0693-456b-bf27-140af11a1c09,Nicholas Francioli,M,30-08-2007,438-692-1491
c0d336f9-c77c-4a95-9011-2bb6f5426be5,Ninnetta Tingey,F,02-02-1965,434-745-0177
f36f55e6-fe34-434d-b8de-ec4594d38762,Algernon Radley,M,25-03-1979,470-529-9722
c7bab0cb-8b03-4221-8a75-4d211154b881,Jandy Feldbrin,M,03-06-1977,296-898-8327
a082dcc8-b28b-4022-81ca-9b27c7aad6f9,Camala Liddard,M,14-12-1988,452-553-2398
41020682-ee6c-4115-910e-23857fb4943a,Cassandry Brunesco,F,31-10-1975,816-852-0498
6382181a-624f-47d4-abb8-da41b5c4c554,Meg Willicott,F,03-10-1990,385-716-4699
e6092c2b-a788-4a5b-8874-4f84207b2e72,Gram Bonnefin,F,18-02-2013,679-814-1854
e532b42a-7f9b-40af-acd9-903ffdf04ee2,Annmaria Pallant,M,06-01-1983,508-649-1190
58bc8cf3-508f-4a21-a361-a9c1b7d37f35,Ambrose Hought,F,24-03-1995,728-803-1866
6ee479ae-f825-4c5b-8359-d99703cb3bbf,Myrtia Lisciandro,M,18-06-1971,826-749-6857
f37fdedf-faaf-4798-b859-4c53967eaec2,Welch Genny,F,10-02-2015,193-136-0039
c254e9cb-4c47-4b30-a29e-c4636647f8cf,Ashli Kalisz,M,09-01-1978,477-988-7446
1240ebe8-2c95-406e-a7e0-4d5f98f5a888,Bertie Bronot,F,24-12-1971,167-576-7358
e7e991a6-8178-4f25-80f1-a1b44df18084,Reggy Pettingill,F,03-11-1970,594-529-2920
43932dbb-f897-42ec-8b42-8537dc0ca1ba,Olimpia Nunes Nabarro,F,04-05-2018,923-138-2984
cbfcc576-e1b2-45b4-bcf7-15258612071c,Adriana Picott,F,06-05-2008,101-665-2258
165f958c-d95c-4082-b0dd-dfcf87126d78,Lorne Berfoot,F,12-06-2009,515-875-4065
1e67124b-e19c-48c8-8409-832e2b61aee1,Tim Lalley,F,27-04-1971,628-143-3151
c9c87bca-1eec-45d1-9d3f-ce6b069ec85e,Carleton Izhak,M,21-06-1980,324-378-8318
e3414064-3444-4c48-8aa7-b4e31fb8aa09,Dari Grob,M,31-05-1991,336-611-6328
8a2ccb41-56ce-42d6-9a08-f237089bd461,Marilyn Ainslie,F,12-01-1965,100-602-9958
782d5f6a-8437-475f-8faf-69f84e56e479,Nicole Peaddie,M,27-11-2018,138-663-0106
df8f7b32-903f-4848-96d1-8e154da5c6b4,Verge Sansome,M,31-01-1986,492-444-1212
bfefdd1e-675a-4117-8e58-6276286a0661,Marris Demschke,F,30-05-2000,190-296-1662
b7a9efae-5777-4cd2-b20e-98304257803c,Arlyne Eddisford,F,21-04-1972,995-976-6254
737ee8e9-0a19-42a7-8f42-9bfc35212c7d,Sib Huban,M,20-05-1997,426-610-5479
d493a51b-7088-4a7f-a432-6ea5f2568e77,Rebeka Beedie,F,05-12-2021,480-623-9464
0da1cc17-a93d-47d7-b576-df17bdf67c4d,Wanids Maplestone,M,09-10-2018,638-870-2902
cd147898-ef4a-48ae-9281-36c37729eab6,Herculie Sawood,F,16-09-2007,119-175-5786
343ca7cb-e2b1-476c-9dbd-69d55fa96799,Brier Pietz,M,20-01-2001,102-688-8078
ad1b7188-6461-4566-8c28-2b14f801122f,Aline Roomes,M,12-03-2002,180-137-9533
f042fdd3-96f7-479a-97cb-a7d9bd3d1deb,Sarajane Batterton,F,29-10-1987,992-836-5831
412ebbd6-00cd-4633-a5a7-23fe66cc2e2b,Rochester Hulance,F,24-02-1970,366-491-8514
946dff2b-8146-4704-a1e4-7f7058c979b4,Aloise Matieu,F,26-04-1998,999-619-2838
aeb5d81c-be62-4222-886c-43171582f868,Sandi Focke,F,14-05-2022,849-700-6947
b3d0f003-1553-4d9f-a8aa-921813bf54c4,Bertha Coping,M,01-03-1978,565-723-7953
5baca6bb-e935-485b-ad4f-1ab79bea3d9c,Emilie Wiffen,M,01-10-1977,347-180-3463
8ea6bb6e-8408-4bb2-a43e-eb4085d2f763,Benni O'Halligan,F,30-07-2004,720-117-3722
db511a5b-6eb8-4eb2-ba47-76973de24900,Aloisia Feenan,F,19-11-1989,857-228-4082
33529da0-b4b8-4420-9d3e-b8374e0841ae,Tilly Eddoes,M,29-12-1987,485-143-2606
14597c1b-0959-46e1-8a12-410a392cdc11,Grata Rummings,F,28-07-2007,305-285-4723
3ea166b7-247f-43c0-b913-6a5910f45133,Leigha Fassbender,M,25-01-2007,713-741-1176
5b3f0c43-de1f-417f-87c7-389574c8bfba,Marjory Corner,F,20-01-1977,873-619-7109
55d11586-4b24-43bb-b10e-f8b469408ee9,Bianka Vater,M,26-10-1970,447-651-2246
53248dec-b5cd-4b0f-a410-a00d08b4a5ae,Randi Weld,F,21-02-1968,412-903-2584
4841d9b2-bc31-4ca9-8aea-5a8e1ba3bed1,Kelsi Nystrom,M,09-01-1982,630-992-8420
1164e692-9403-4afb-bfa4-1467b51807a6,Ronny Giraldez,F,10-12-1995,424-999-0890
19a6ab6e-4b20-4454-9c5f-e68865493eae,Inglis Shingfield,F,11-06-1993,886-392-1357
4605179b-ddc9-42ef-8b67-bd968886f593,Laurie McKeever,F,06-02-1973,724-234-1517
56f34e50-217b-443f-b996-e102c4a179d1,Bunny Traynor,F,18-11-2011,207-587-0330
c519372f-c301-434b-b2c1-f8456a3d91ba,Hanson Pink,M,30-07-2016,904-524-5149
7deeabd6-6083-4bc2-886d-68ce0be4952d,Remington Mewe,M,29-04-1969,838-437-0897
818bdb8c-887f-4c5b-9f57-f8a800031eb6,Wilhelmina Hellis,M,26-03-1985,954-534-9946
57887625-7f1f-4736-bfb8-95b27d4f6d2c,Grover Gidney,M,16-01-1997,213-316-8463
083cc372-a7ef-4d1c-bc60-c3e3511207a5,Jorry Teesdale,F,02-03-2022,283-866-1957
588f225f-1ddc-4d1d-9d97-8ed2017b8883,Jecho Schuricke,F,15-10-1965,933-805-3584
b735cb5f-b603-4ae5-b924-5d7962e32766,Michael Smalles,M,12-10-1995,830-481-3804
122fb819-05f0-4815-9429-6bfc01d997a6,Stanleigh Gheorghie,M,30-07-1978,519-998-3099
a5d0bcb3-6a7c-4263-8c87-6af4e0eefdc9,Cassie Thairs,F,12-05-2011,524-921-8916
add2f33d-8d77-4c6a-afc1-9df72d15c2aa,Carolina Ferraretto,M,03-04-1980,421-789-5999
b6ec84cf-381e-416b-af54-f9e7669cb0ca,Coleen Truelock,M,01-09-1982,353-282-5981
e475b07b-0dbb-4099-a740-3faced2efaaa,Norina Hagwood,F,05-02-2002,772-936-3379
dbc759cc-5e4d-49ff-bab3-6f7225932e87,Jennie Bottrell,F,07-09-1972,750-718-5341
f5529911-7871-4204-af5a-c6c253df1440,Ddene Seale,M,16-04-2011,664-786-9041
3cec3929-1fac-47f9-9443-851db7d7a9f7,Nikita Indgs,M,12-10-1976,715-812-7101
073a73af-284d-4298-b871-12347fdae782,Esther Ellingham,M,07-05-1993,666-565-9381
e9f71c05-94fd-4c06-8ce9-ce6b347ff64f,Tammie Everard,F,03-03-2002,585-996-7119
cb937e6a-f8a6-4fb5-b110-d9e49d029393,Tobe Gledstane,F,23-04-2017,234-955-7956
a2c3760a-9c60-431b-86b9-6da7c7c4db7a,Alaine Fuentes,M,30-09-1979,232-584-6263
1d1c54f3-0340-4cde-956d-5393852fb284,Hugh Hoogendorp,F,11-11-1994,146-513-7942
a2711064-4cc6-4571-bfbe-ad9128704f73,Eba Hedge,M,09-11-2012,653-982-8990
817ff69d-3ac1-464e-9344-0c829d7548d0,Aretha Merryweather,M,07-12-1998,928-485-9185
edcc65f2-36a6-4e7a-aa93-e4e36f75dc8d,Dori Shoppee,F,14-07-1986,399-628-2338
